<controlpanel ui="forms\osd\controlpanel\controlpanel.ui" typeAlign="0x0101" cx="-100" cy="110" y="0" xb="0" easingCurve="34">

 <background src="img\OsdControlPanel.png" skip="0" size="3"  setcy="0" usetransparent="1" can_glass="0" useSystemColorizationColor="0" type="0" color1="0xAA002200"/>
 
 <resizeinfo resizeable="1" mincx="1100"  />
 
 <node class="STATIC" id="UPPER_TEXT_ID" typeAlign="1" cx="-100" cy="20" x="2" y="86" xb="120" yb="0"  >
   <font name="Arial" height="14" bold="1" />
   <text aligment="0x81" color="0xB4E6E6E6"/>
   <glow glow="0"/>
   <textscrollinfo step="1" delay="25" delayonstart="75"/>
 </node>

 <node class="STATIC" id="SPEED_TEXT_ID" typeAlign="1" cx="35" cy="10" x="0" y="40" xb="300" yb="0">
   <font name="Arial" height="10" bold="1"/>
   <text aligment="0x84" color="0xFEF8F8F8"/>
 </node>
 
 <node class="STATIC" id="DRM_TEXT_ID" typeAlign="3" cx="35" cy="10" x="10" y="64" xb="0" yb="0">
   <font name="Arial" height="10" bold="1" spacing="105" />
   <text value="drm" aligment="0x84" color="0xFEF8F8F8"/>
 </node>
 
 <node class="STATIC" id="TIME_TEXT_ID" typeAlign="3" cx="115" cy="30" x="2" y="70" xb="0" yb="0">
   <font name="Arial" height="9" weight="70" />
   <text aligment="0x82" color="0xC0F8F8F8" />
   <margins marginRight="3"/>
   <background type="0" color1="0x501010C0"/>  
 </node>
 
<!-- CENTER -->
 <node class="BUTTON" id="PLAY_BUTTON_ID" toolTipView="UPPER_TEXT_ID" typeAlign="2" cx="60" cy="60" x="0" y="22">
   <image isalpha="1" src="img\OsdPlayButton.png" tooltip="translateMe(Play)"/>
   <image isalpha="1" src="img\OsdPauseButton.png" tooltip="translateMe(Pause)" /> 
 </node>


<node class="BUTTON" id="USER_RESTART" toolTipView="UPPER_TEXT_ID"  typeAlign="2" cx="44" cy="44" x="54" y="30">
	  <image isalpha="1" src="img\OsdReplayButton.png" tooltip="translateMe(Replay)" />
	  <luascr OnClick="m_simpleTV.Control.ExecuteAction(63)" />
 </node>  
		 
<node class="BUTTON" id="FF_BUTTON_ID" toolTipView="UPPER_TEXT_ID" typeAlign="2" cx="44" cy="44" x="98" y="30">
   <image isalpha="1" src="img\OsdFFButton.png" tooltip="translateMe(Increase playback speed)"/>
 </node>

<node class="BUTTON" id="FFJUMP_BUTTON_ID" toolTipView="UPPER_TEXT_ID" auto="300" typeAlign="2" cx="44" cy="44" x="144" y="30">
   <image isalpha="1" src="img\OsdFFJumpButton.png" tooltip="translateMe(Skip forward)"/>
 </node>

<node class="BUTTON" id="NEXT_BUTTON_ID" toolTipView="UPPER_TEXT_ID" typeAlign="2" cx="44" cy="44" x="190" y="30">
   <image isalpha="1" src="img\OsdNextButton.png" tooltip="translateMe(Next channel/media)"/>
 </node>


<node class="BUTTON" id="STOP_BUTTON_ID" toolTipView="UPPER_TEXT_ID" typeAlign="2" cx="44" cy="44" x="-54" y="30">
   <image isalpha="1" src="img\OsdStopButton.png" tooltip="translateMe(Stop)"/>
 </node>

 <node class="BUTTON" id="REW_BUTTON_ID" toolTipView="UPPER_TEXT_ID" typeAlign="2" cx="44" cy="44" x="-98" y="30">
   <image isalpha="1" src="img\OsdRewButton.png" tooltip="translateMe(Decrease playback speed)"/>
 </node>

 <node class="BUTTON" id="REWJUMP_BUTTON_ID" toolTipView="UPPER_TEXT_ID" auto="300" typeAlign="2" cx="44" cy="44" x="-144" y="30">
   <image isalpha="1" src="img\OsdRewJumpButton.png" tooltip="translateMe(Skip backward)"/>
 </node>

 <node class="BUTTON" id="PREV_BUTTON_ID" toolTipView="UPPER_TEXT_ID" typeAlign="2" cx="44" cy="44" x="-190" y="30">
   <image isalpha="1" src="img\OsdPrevButton.png" tooltip="translateMe(Previous channel/media)"/>
 </node>

<!-- CENTER end -->


 <node class="BUTTON" id="SETUP_BUTTON_ID" toolTipView="UPPER_TEXT_ID" typeAlign="3" cx="44" cy="44" x="53" y="30">
   <image isalpha="1" src="img\OsdSetupButton.png" tooltip="translateMe(Preferences)"/>
 </node>

 <node class="BUTTON" id="FULLSCR_BUTTON_ID" toolTipView="UPPER_TEXT_ID" checkable="1" typeAlign="3" cx="44" cy="44" x="8" y="30">
   <image isalpha="1" src="img\OsdFullScrButton.png" tooltip="translateMe(Fullscreen mode)"/>
   <image checked="1" isalpha="1" src="img\OsdFullScrButtonActive.png" tooltip="translateMe(Exit from fullscreen mode)"/>
 </node>


 <node class="BUTTON" id="REC_BUTTON_ID" toolTipView="UPPER_TEXT_ID" typeAlign="3" cx="44" cy="44" x="282" y="30">
   <image isalpha="1" src="img\OsdRecButton.png" tooltip="translateMe(Record)"/>
   <image isalpha="1" animation="1" src="img\OsdRecButtonActive.png" tooltip="translateMe(Record)"/>
 </node>
 
 <node class="BUTTON" id="SNAPSHOT_BUTTON_ID" toolTipView="UPPER_TEXT_ID" typeAlign="3" cx="44" cy="44" x="236" y="30">
   <image isalpha="1" src="img\OsdSnapshot.png" tooltip="translateMe(Snapshot)"/>
 </node>

 <node class="BUTTON" id="MUTE_BUTTON_ID" toolTipView="UPPER_TEXT_ID" checkable="1" typeAlign="3" cx="44" cy="44" x="191" y="30">
   <image isalpha="1" src="img\OsdMuteButton.png" tooltip="translateMe(Mute)"/>   
   <image checked="1" isalpha="1" src="img\OsdMuteOnButton.png" tooltip="translateMe(Mute off)"/>   
 </node>
 
 <node class="SLIDER" id="VOLUME_SLIDER_ID" toolTipView="UPPER_TEXT_ID" filltype="1" inverted="0" typeAlign="3" cx="88" cy="10" x="103" y="42">
   <imageback isalpha="1" duration="400" statecount="2" src="img\OsdVolBackSlider.png" />   
   <imagecursor isalpha="1" statecount="1" left="3" top="3" right="85" bottom="7" src="img\OsdVolCursorSlider.png" tooltip="translateMe(Volume %1)"/>   
   <minmax min="0" max="200" />
 </node>
 
 <node class="SLIDER" id="POS_SLIDER_ID" typeAlign="1" cx="-100" cy="10" x="0" y="0">
   <imagecursor isalpha="1" duration="400" left="0" top="0" right="10" bottom="10" statecount="2" src="img\BigCursor.png"/>      
   <minmax min="0" max="10000" />   
   <markinfo showalways="0" color="0x40101010" offset="1" size="-1" width="2"/>
   <color>
    <enabledleft  color1="0xFF0E9B89" color2="0xFF0E9B89" type="0"/>
	<enabledright color1="0xFF17B9FF" color2="0xFF17B9FF" type="0"/>
	<disabled color1="0xFF6A6A6A" color2="0xFF6A6A6A" type="0"/>
   </color>
 </node>
 
  <!-- EPG small slider -->

   <node class="STATIC" id="EPG_LEFT_TEXT_ID" typeAlign="2" cx="34" cy="16" x="-270" y="11" xb="0" yb="0">
   <font name="Arial" height="8" bold="1" />
   <text aligment="0x1" color="0x70C3E5E1"/>
 </node>
 
  <node class="STATIC" id="EPG_RIGHT_TEXT_ID"  typeAlign="2" cx="34" cy="16" x="270" y="11" xb="0" yb="0">
   <font name="Arial" height="8" bold="1" />
   <text  aligment="0x4" color="0x70C3E5E1"/>
 </node>
  
<node class="SLIDER" id="EPG_SLIDER_ID"  typeAlign="2" cx="500" cy="10" x="0" y="12" xb="0">
   <imagecursor isalpha="1" duration="400" left="0" top="0" right="18" bottom="8" statecount="2" src="img\EqSliderCursor.png"/>      
   <minmax min="0" max="10000" />   
   <color>
    <enabledleft  color1="0x70C3E5E1" type="0"/>
	<enabledright color1="0x70C3E5E1" type="0"/>
   </color>
 </node>
 
<!-- Green skin  begin --> 
<!-- typeAlign="1" cx="35" cy="10" x="0" y="40" xb="300" yb="0"> -->

	 <node class="BUTTON" id="USER_SHOW_TVS_SELECT_SRC"  toolTipView="UPPER_TEXT_ID" typeAlign="1" cx="44" cy="44" x="40" y="30" >
	   <image   isalpha="1"  src="img\OsdSelectSource.png" tooltip="translateMe(TVS: Select source)" />
	   <luascr OnClick="if (tvs_core) then dofile( m_simpleTV.MainScriptDir .. 'user/TVSources/selectsource.lua') end"   />
	 </node>
	 
	<node class="BUTTON" id="USER_SHOW_PLAYLIST1" typeAlign="1" toolTipView="UPPER_TEXT_ID" cx="44" cy="44" x="88" y="30"> 
	 <image  isalpha="1"  src="img\OsdQualityButton.png" tooltip="translateMe(Series / quality)" />
	 <luascr OnClick="if  (tvs_core and TVSources_var.tmp.MenuId) then dofile( m_simpleTV.MainScriptDir..'user/TVSources/refreshserv.lua') else m_simpleTV.Control.ExecuteAction(108) end " />
	</node> 	 

	 
	 <node class="BUTTON" id="USER_SHOW_WEATHER" typeAlign="1" toolTipView="UPPER_TEXT_ID" cx="44" cy="44" x="136" y="30">
	   <imagergn src="img\OsdWeatherButton.png" />
	   <image  isalpha="1"  src="img\OsdWeatherButton.png" tooltip="translateMe(Weather)"/>
	   <luascr OnClick="if (weather_core) then weather_core.Switch() end"/>
	 </node>
 
 	
<!-- Green skin  end --> 
</controlpanel>
