﻿<windowProfile>
<playList ui="forms\osd\playlist\playlist.ui" typeAlign="0x0103" cx="0" cy="-100" hideEffect="3" showTimeEffect="400" hideTimeEffect="400">
   <tree ui="forms\osd\playlist\tree.ui" >
    <treeDelegate_EPG_No ui="forms\osd\playlist\tree_element_epg_no.ui" />
	<treeDelegate_EPG_Bottom ui="forms\osd\playlist\tree_element_epg_bottom.ui" />  
	<treeDelegate_EPG_Side ui="forms\osd\playlist\tree_element_epg_side.ui" />  
	<treeDelegate_Group ui="forms\osd\playlist\tree_element_group.ui" />
      <logo marginLeft="-5" marginRight="-5" marginTop="-5" marginBottom="-5">
       <image name="default" src="img\tree\emptyLogo.png"/>
       <image1 name="upperlayer" src="\img\tree\frame2.png"/>
       <image name="downlayer" keepAspectRatio="0" src="img\tree\bg1.png"/>    
       <image name="downlayer_selectded" keepAspectRatio="0" src="img\tree\bg3.png"/> 
   
       <image name="playing" src="img\tree\play.png"/> 
       <image name="error" src="img\tree\error.png"/>
       <image name="check" src="img\tree\check.png"/> 
       <image name="timer" src="img\tree\timer.png"/> 
       <image name="protect" src="img\tree\protect.png"/>
       <image name="unprotect" src="img\tree\unlock.png"/> 
       <image name="timeshift" src="img\tree\timeshift.png"/>
       <image name="hasHttpTtimeshift" src="img\tree\hashttptimeshift.png"/>
     </logo>
     <grouplogo>
       <image name="downlayer" keepAspectRatio="1" src="img\tree\bg1.png"/>    
	   <image name="expand" keepAspectRatio="1" src="img\tree\expand.png"/>
       <image name="notexpand" keepAspectRatio="1" src="img\tree\notexpand.png"/>    
	   <image name="protect" keepAspectRatio="1" src="img\tree\protect.png"/>
       <image name="unprotect" keepAspectRatio="1" src="img\tree\unlock.png"/> 
     </grouplogo>
     <groupbanner marginLeft="0" marginRight="0" marginTop="1" marginBottom="1"/>
   </tree> 
   <extFilter ui="forms\osd\playlist\extfilter.ui" />
   <mediaMode ui="forms\osd\playlist\mediamode.ui" />
   <toolbar   ui="forms\osd\playlist\toolbar.ui" />
</playList>
</windowProfile>

<fullscreenProfile>
<playList ui="forms\osd\playlist\fullscr\playlist.ui" typeAlign="0x0103" cx="0" cy="-100" hideEffect="3" showTimeEffect="400" hideTimeEffect="450" hideEasingCurve="6" >
   <tree ui="forms\osd\playlist\fullscr\tree.ui" >
      <treeDelegate_EPG_No ui="forms\osd\playlist\fullscr\tree_element_epg_no.ui" />
	<treeDelegate_EPG_Bottom ui="forms\osd\playlist\fullscr\tree_element_epg_bottom.ui" />  
	<treeDelegate_EPG_Side ui="forms\osd\playlist\fullscr\tree_element_epg_side.ui" />  
	<treeDelegate_Group ui="forms\osd\playlist\fullscr\tree_element_group.ui" />
      <logo marginLeft="-5" marginRight="-5" marginTop="-5" marginBottom="-5">
       <image name="default" src="img\tree\emptyLogo.png"/>
       <image1 name="upperlayer" keepAspectRatio="0" src="\img\tree\frame2.png"/>
       <image name="downlayer" keepAspectRatio="0" src="img\tree\bg1.png"/>    
       <image name="downlayer_selectded" keepAspectRatio="0" src="img\tree\bg3.png"/> 
   
       <image name="playing" src="img\tree\play.png"/> 
       <image name="error" src="img\tree\error.png"/>
       <image name="check" src="img\tree\check.png"/> 
       <image name="timer" src="img\tree\timer.png"/> 
       <image name="protect" src="img\tree\protect.png"/>
       <image name="unprotect" src="img\tree\unlock.png"/> 
       <image name="timeshift" src="img\tree\timeshift.png"/>
       <image name="hasHttpTtimeshift" src="img\tree\hashttptimeshift.png"/>   
     </logo>
     <grouplogo>
       <image name="downlayer" keepAspectRatio="1" src="img\tree\bg1.png"/>    
	   <image name="expand" keepAspectRatio="1" src="img\tree\expand.png"/>
       <image name="notexpand" keepAspectRatio="1" src="img\tree\notexpand.png"/>    
	   <image name="protect" keepAspectRatio="1" src="img\tree\protect.png"/>
       <image name="unprotect" keepAspectRatio="1" src="img\tree\unlock.png"/> 
     </grouplogo>
     <groupbanner marginLeft="0" marginRight="0" marginTop="4" marginBottom="4"/>
     <!--for CLogoView old style-->
     <!--<groupbanner keepAspectRatio="0" noSize="1"/>-->
   </tree> 
   <extFilter ui="forms\osd\playlist\fullscr\extfilter.ui" />
   <mediaMode ui="forms\osd\playlist\fullscr\mediamode.ui" />
   <toolbar   ui="forms\osd\playlist\fullscr\toolbar.ui" />
</playList>
</fullscreenProfile>